--sucursal
Insert into sucursal(id,nombre,ubicacion,latitud,longitud) VALUES (1,'sucursal Las mercedes, Caracas, Venezuela','Venezuela, Caracas, las mercedes, Calle paris', 10.4819994, -66.8611573);

--VEHICULOS
insert into vehiculo (id, placa, color, marca, modelo, fecha_fabricacion, fecha_carga) values (1, 'WAUKD98P77A160395', 'Red', 'Daewoo', 'Nubira', '6/26/2022', '4/30/2023');
insert into vehiculo (id, placa, color, marca, modelo, fecha_fabricacion, fecha_carga) values (2, '3N6CM0KN8FK825115', 'Teal', 'Mercedes-Benz', 'Sprinter 2500', '10/14/2022', '6/2/2023');
insert into vehiculo (id, placa, color, marca, modelo, fecha_fabricacion, fecha_carga) values (3, 'KNADM4A3XD6023047', 'Teal', 'Audi', 'Coupe GT', '6/5/2022', '6/26/2022');
insert into vehiculo (id, placa, color, marca, modelo, fecha_fabricacion, fecha_carga) values (4, '3D7JB1EP0BG843386', 'Goldenrod', 'Lotus', 'Esprit', '9/22/2022', '11/1/2022');
insert into vehiculo (id, placa, color, marca, modelo, fecha_fabricacion, fecha_carga) values (5, '2G4GT5GR7D9864834', 'Crimson', 'Subaru', 'Brat', '1/26/2023', '7/9/2022');
insert into vehiculo (id, placa, color, marca, modelo, fecha_fabricacion, fecha_carga) values (6, 'WAUMV94EX9N916162', 'Fuscia', 'Volkswagen', 'Eos', '9/15/2022', '1/2/2023');
insert into vehiculo (id, placa, color, marca, modelo, fecha_fabricacion, fecha_carga) values (7, '5NPDH4AE3DH633418', 'Orange', 'Holden', 'Monaro', '8/17/2022', '10/8/2022');
insert into vehiculo (id, placa, color, marca, modelo, fecha_fabricacion, fecha_carga) values (8, 'JN8AE2KP6F9908067', 'Red', 'Mercury', 'Lynx', '4/2/2023', '5/1/2023');
insert into vehiculo (id, placa, color, marca, modelo, fecha_fabricacion, fecha_carga) values (9, 'JN1AJ0HP0AM885445', 'Green', 'Mazda', 'MX-5', '11/11/2022', '3/9/2023');
insert into vehiculo (id, placa, color, marca, modelo, fecha_fabricacion, fecha_carga) values (10, 'WVWGU9AN7BE757033', 'Red', 'BMW', '3 Series', '4/8/2023', '5/8/2023');
insert into vehiculo (id, placa, color, marca, modelo, fecha_fabricacion, fecha_carga) values (11, 'WAUEL74F15N613742', 'Teal', 'Aston Martin', 'Vantage', '7/20/2022', '2/3/2023');
insert into vehiculo (id, placa, color, marca, modelo, fecha_fabricacion, fecha_carga) values (12, '1GKS1AE03BR516280', 'Indigo', 'Mercedes-Benz', 'G55 AMG', '6/1/2023', '10/12/2022');
insert into vehiculo (id, placa, color, marca, modelo, fecha_fabricacion, fecha_carga) values (13, 'WAUWFAFL5BA471510', 'Aquamarine', 'Chevrolet', '3500', '12/30/2022', '6/24/2022');
insert into vehiculo (id, placa, color, marca, modelo, fecha_fabricacion, fecha_carga) values (14, '2LMHJ5AT9FB058685', 'Puce', 'Mitsubishi', 'Endeavor', '5/25/2023', '2/13/2023');
insert into vehiculo (id, placa, color, marca, modelo, fecha_fabricacion, fecha_carga) values (15, '1G6AE5S39F0962769', 'Yellow', 'Dodge', 'Caliber', '10/18/2022', '4/29/2023');
insert into vehiculo (id, placa, color, marca, modelo, fecha_fabricacion, fecha_carga) values (16, '1GYS4JEF1BR744232', 'Maroon', 'Toyota', 'Celica', '5/8/2022', '9/26/2022');
insert into vehiculo (id, placa, color, marca, modelo, fecha_fabricacion, fecha_carga) values (17, 'WAUJC58E02A893600', 'Khaki', 'Dodge', 'Ram', '7/25/2022', '11/9/2022');
insert into vehiculo (id, placa, color, marca, modelo, fecha_fabricacion, fecha_carga) values (18, 'WBA6B2C51DD511574', 'Yellow', 'Infiniti', 'EX', '5/23/2022', '3/7/2023');
insert into vehiculo (id, placa, color, marca, modelo, fecha_fabricacion, fecha_carga) values (19, 'WBAVB73578P938254', 'Yellow', 'Hyundai', 'Elantra', '5/19/2023', '2/12/2023');
insert into vehiculo (id, placa, color, marca, modelo, fecha_fabricacion, fecha_carga) values (20, 'WAUVFAFH1BN589201', 'Indigo', 'Volkswagen', 'Phaeton', '5/23/2022', '5/30/2023');

--metodo_pago
insert into metodo_pago (id,nombre, fecha_carga) values (1,'jcb', '4/3/2023');
insert into metodo_pago (id,nombre, fecha_carga) values (2,'jcb', '12/30/2022');
insert into metodo_pago (id,nombre, fecha_carga) values (3,'visa', '9/28/2022');
insert into metodo_pago (id,nombre, fecha_carga) values (4,'jcb', '8/26/2022');
insert into metodo_pago (id,nombre, fecha_carga) values (5,'jcb', '2/28/2023');
insert into metodo_pago (id,nombre, fecha_carga) values (6,'switch', '4/14/2023');
insert into metodo_pago (id,nombre, fecha_carga) values (7,'jcb', '8/30/2022');


--sucursal
Insert into sucursal(id,nombre,ubicacion,latitud,longitud) VALUES (1,'sucursal 5','Venezuela, Caracas, las mercedes, Calle paris', 10.4819994, -66.8611573);

--tiempo
insert into tiempo (year, month, day, hour) values (2023, 9, 20, 15);
insert into tiempo (year, month, day, hour) values (2023, 1, 4, 20);
insert into tiempo (year, month, day, hour) values (2023, 1, 4, 4);
insert into tiempo (year, month, day, hour) values (2023, 9, 27, 16);
insert into tiempo (year, month, day, hour) values (2023, 12, 16, 7);
insert into tiempo (year, month, day, hour) values (2023, 6, 16, 16);
insert into tiempo (year, month, day, hour) values (2023, 8, 27, 13);
insert into tiempo (year, month, day, hour) values (2023, 9, 5, 16);
insert into tiempo (year, month, day, hour) values (2023, 1, 21, 12);
insert into tiempo (year, month, day, hour) values (2023, 5, 21, 7);

--hechos
insert into hechos_estadisticas_alquiler (id_year, id_month, id_day, id_hour, id_sucursal, id_vehiculo, id_metodo_pago, ganancia_neta, porc_ingresos, porc_egresos, porc_satisfaccion_cliente, posicion_top_metodo_pago, metodo_pago_veces_utilizado, porcentaje_utilizacion_metodo_pago, modelo_veces_alquilado, posicion_top_modelo_vehiculo_alquilado, porcentaje_vehiculos_disponibles, ingresos, egresos, duracion_promedio_alquiler, total_alquileres, porcentaje_vehiculos_utilizados) values (2023, 12, 16, 7, 1, 5, 6, 40.81, 41.66, 73.48, 62.96, 9, 10, 90, 10, 2, 41, 1006, 2948, 2, 20, 5);
insert into hechos_estadisticas_alquiler (id_year, id_month, id_day, id_hour, id_sucursal, id_vehiculo, id_metodo_pago, ganancia_neta, porc_ingresos, porc_egresos, porc_satisfaccion_cliente, posicion_top_metodo_pago, metodo_pago_veces_utilizado, porcentaje_utilizacion_metodo_pago, modelo_veces_alquilado, posicion_top_modelo_vehiculo_alquilado, porcentaje_vehiculos_disponibles, ingresos, egresos, duracion_promedio_alquiler, total_alquileres, porcentaje_vehiculos_utilizados) values (2023, 12, 16, 7, 1, 9, 2, 28.42, 16.57, 66.71, 41.96, 5, 7, 100, 4, 10, 43, 303, 20, 6, 16, 58);
insert into hechos_estadisticas_alquiler (id_year, id_month, id_day, id_hour, id_sucursal, id_vehiculo, id_metodo_pago, ganancia_neta, porc_ingresos, porc_egresos, porc_satisfaccion_cliente, posicion_top_metodo_pago, metodo_pago_veces_utilizado, porcentaje_utilizacion_metodo_pago, modelo_veces_alquilado, posicion_top_modelo_vehiculo_alquilado, porcentaje_vehiculos_disponibles, ingresos, egresos, duracion_promedio_alquiler, total_alquileres, porcentaje_vehiculos_utilizados) values (2023, 12, 16, 7, 1, 13, 3, 4.31, 32.25, 43.54, 19.86, 9, 4, 28, 15, 3, 32, 1400, 3178, 9, 11, 78);
insert into hechos_estadisticas_alquiler (id_year, id_month, id_day, id_hour, id_sucursal, id_vehiculo, id_metodo_pago, ganancia_neta, porc_ingresos, porc_egresos, porc_satisfaccion_cliente, posicion_top_metodo_pago, metodo_pago_veces_utilizado, porcentaje_utilizacion_metodo_pago, modelo_veces_alquilado, posicion_top_modelo_vehiculo_alquilado, porcentaje_vehiculos_disponibles, ingresos, egresos, duracion_promedio_alquiler, total_alquileres, porcentaje_vehiculos_utilizados) values (2023, 12, 16, 7, 1, 19, 6, 73.46, 17.55, 7.52, 3.0, 2, 5, 39, 6, 1, 21, 297, 4526, 3, 15, 68);
insert into hechos_estadisticas_alquiler (id_year, id_month, id_day, id_hour, id_sucursal, id_vehiculo, id_metodo_pago, ganancia_neta, porc_ingresos, porc_egresos, porc_satisfaccion_cliente, posicion_top_metodo_pago, metodo_pago_veces_utilizado, porcentaje_utilizacion_metodo_pago, modelo_veces_alquilado, posicion_top_modelo_vehiculo_alquilado, porcentaje_vehiculos_disponibles, ingresos, egresos, duracion_promedio_alquiler, total_alquileres, porcentaje_vehiculos_utilizados) values (2023, 12, 16, 7, 1, 12, 5, 71.42, 69.41, 41.69, 73.94, 5, 7, 18, 6, 9, 98, 4777, 71, 2, 15, 65);
insert into hechos_estadisticas_alquiler (id_year, id_month, id_day, id_hour, id_sucursal, id_vehiculo, id_metodo_pago, ganancia_neta, porc_ingresos, porc_egresos, porc_satisfaccion_cliente, posicion_top_metodo_pago, metodo_pago_veces_utilizado, porcentaje_utilizacion_metodo_pago, modelo_veces_alquilado, posicion_top_modelo_vehiculo_alquilado, porcentaje_vehiculos_disponibles, ingresos, egresos, duracion_promedio_alquiler, total_alquileres, porcentaje_vehiculos_utilizados) values (2023, 12, 16, 7, 1, 14, 4, 37.34, 61.97, 90.38, 77.59, 7, 6, 32, 13, 7, 70, 2524, 980, 13, 2, 79);
insert into hechos_estadisticas_alquiler (id_year, id_month, id_day, id_hour, id_sucursal, id_vehiculo, id_metodo_pago, ganancia_neta, porc_ingresos, porc_egresos, porc_satisfaccion_cliente, posicion_top_metodo_pago, metodo_pago_veces_utilizado, porcentaje_utilizacion_metodo_pago, modelo_veces_alquilado, posicion_top_modelo_vehiculo_alquilado, porcentaje_vehiculos_disponibles, ingresos, egresos, duracion_promedio_alquiler, total_alquileres, porcentaje_vehiculos_utilizados) values (2023, 12, 16, 7, 1, 5, 3, 87.57, 81.26, 40.8, 77.07, 2, 7, 46, 6, 8, 75, 2646, 2843, 3, 21, 58);
insert into hechos_estadisticas_alquiler (id_year, id_month, id_day, id_hour, id_sucursal, id_vehiculo, id_metodo_pago, ganancia_neta, porc_ingresos, porc_egresos, porc_satisfaccion_cliente, posicion_top_metodo_pago, metodo_pago_veces_utilizado, porcentaje_utilizacion_metodo_pago, modelo_veces_alquilado, posicion_top_modelo_vehiculo_alquilado, porcentaje_vehiculos_disponibles, ingresos, egresos, duracion_promedio_alquiler, total_alquileres, porcentaje_vehiculos_utilizados) values (2023, 12, 16, 7, 1, 6, 1, 92.55, 98.48, 5.11, 95.86, 1, 1, 93, 9, 7, 58, 1284, 2250, 12, 23, 74);
insert into hechos_estadisticas_alquiler (id_year, id_month, id_day, id_hour, id_sucursal, id_vehiculo, id_metodo_pago, ganancia_neta, porc_ingresos, porc_egresos, porc_satisfaccion_cliente, posicion_top_metodo_pago, metodo_pago_veces_utilizado, porcentaje_utilizacion_metodo_pago, modelo_veces_alquilado, posicion_top_modelo_vehiculo_alquilado, porcentaje_vehiculos_disponibles, ingresos, egresos, duracion_promedio_alquiler, total_alquileres, porcentaje_vehiculos_utilizados) values (2023, 12, 16, 7, 1, 9, 7, 22.1, 81.05, 89.6, 17.54, 2, 5, 46, 3, 1, 4, 3025, 2685, 4, 9, 63);
insert into hechos_estadisticas_alquiler (id_year, id_month, id_day, id_hour, id_sucursal, id_vehiculo, id_metodo_pago, ganancia_neta, porc_ingresos, porc_egresos, porc_satisfaccion_cliente, posicion_top_metodo_pago, metodo_pago_veces_utilizado, porcentaje_utilizacion_metodo_pago, modelo_veces_alquilado, posicion_top_modelo_vehiculo_alquilado, porcentaje_vehiculos_disponibles, ingresos, egresos, duracion_promedio_alquiler, total_alquileres, porcentaje_vehiculos_utilizados) values (2023, 12, 16, 7, 1, 19, 7, 72.25, 73.38, 62.75, 79.96, 2, 9, 71, 6, 6, 17, 4865, 1999, 6, 3, 97);
insert into hechos_estadisticas_alquiler (id_year, id_month, id_day, id_hour, id_sucursal, id_vehiculo, id_metodo_pago, ganancia_neta, porc_ingresos, porc_egresos, porc_satisfaccion_cliente, posicion_top_metodo_pago, metodo_pago_veces_utilizado, porcentaje_utilizacion_metodo_pago, modelo_veces_alquilado, posicion_top_modelo_vehiculo_alquilado, porcentaje_vehiculos_disponibles, ingresos, egresos, duracion_promedio_alquiler, total_alquileres, porcentaje_vehiculos_utilizados) values (2023, 12, 16, 7, 1, 4, 1, 69.8, 51.33, 65.25, 47.48, 9, 2, 1, 8, 6, 50, 831, 4682, 4, 14, 63);
insert into hechos_estadisticas_alquiler (id_year, id_month, id_day, id_hour, id_sucursal, id_vehiculo, id_metodo_pago, ganancia_neta, porc_ingresos, porc_egresos, porc_satisfaccion_cliente, posicion_top_metodo_pago, metodo_pago_veces_utilizado, porcentaje_utilizacion_metodo_pago, modelo_veces_alquilado, posicion_top_modelo_vehiculo_alquilado, porcentaje_vehiculos_disponibles, ingresos, egresos, duracion_promedio_alquiler, total_alquileres, porcentaje_vehiculos_utilizados) values (2023, 12, 16, 7, 1, 10, 7, 52.8, 16.85, 59.52, 66.07, 10, 2, 13, 6, 9, 18, 1788, 4558, 14, 16, 43);
insert into hechos_estadisticas_alquiler (id_year, id_month, id_day, id_hour, id_sucursal, id_vehiculo, id_metodo_pago, ganancia_neta, porc_ingresos, porc_egresos, porc_satisfaccion_cliente, posicion_top_metodo_pago, metodo_pago_veces_utilizado, porcentaje_utilizacion_metodo_pago, modelo_veces_alquilado, posicion_top_modelo_vehiculo_alquilado, porcentaje_vehiculos_disponibles, ingresos, egresos, duracion_promedio_alquiler, total_alquileres, porcentaje_vehiculos_utilizados) values (2023, 12, 16, 7, 1, 9, 1, 21.56, 71.42, 21.2, 41.73, 6, 4, 11, 13, 10, 55, 3776, 280, 7, 8, 91);
insert into hechos_estadisticas_alquiler (id_year, id_month, id_day, id_hour, id_sucursal, id_vehiculo, id_metodo_pago, ganancia_neta, porc_ingresos, porc_egresos, porc_satisfaccion_cliente, posicion_top_metodo_pago, metodo_pago_veces_utilizado, porcentaje_utilizacion_metodo_pago, modelo_veces_alquilado, posicion_top_modelo_vehiculo_alquilado, porcentaje_vehiculos_disponibles, ingresos, egresos, duracion_promedio_alquiler, total_alquileres, porcentaje_vehiculos_utilizados) values (2023, 12, 16, 7, 1, 17, 7, 25.85, 2.84, 43.86, 76.42, 7, 1, 97, 3, 10, 70, 596, 2741, 6, 18, 12);
insert into hechos_estadisticas_alquiler (id_year, id_month, id_day, id_hour, id_sucursal, id_vehiculo, id_metodo_pago, ganancia_neta, porc_ingresos, porc_egresos, porc_satisfaccion_cliente, posicion_top_metodo_pago, metodo_pago_veces_utilizado, porcentaje_utilizacion_metodo_pago, modelo_veces_alquilado, posicion_top_modelo_vehiculo_alquilado, porcentaje_vehiculos_disponibles, ingresos, egresos, duracion_promedio_alquiler, total_alquileres, porcentaje_vehiculos_utilizados) values (2023, 12, 16, 7, 1, 10, 1, 13.78, 80.24, 39.58, 6.19, 5, 3, 92, 11, 10, 61, 1421, 3597, 4, 1, 24);
insert into hechos_estadisticas_alquiler (id_year, id_month, id_day, id_hour, id_sucursal, id_vehiculo, id_metodo_pago, ganancia_neta, porc_ingresos, porc_egresos, porc_satisfaccion_cliente, posicion_top_metodo_pago, metodo_pago_veces_utilizado, porcentaje_utilizacion_metodo_pago, modelo_veces_alquilado, posicion_top_modelo_vehiculo_alquilado, porcentaje_vehiculos_disponibles, ingresos, egresos, duracion_promedio_alquiler, total_alquileres, porcentaje_vehiculos_utilizados) values (2023, 12, 16, 7, 1, 17, 1, 67.38, 92.98, 81.74, 86.46, 7, 10, 24, 4, 1, 46, 3379, 935, 15, 10, 28);
insert into hechos_estadisticas_alquiler (id_year, id_month, id_day, id_hour, id_sucursal, id_vehiculo, id_metodo_pago, ganancia_neta, porc_ingresos, porc_egresos, porc_satisfaccion_cliente, posicion_top_metodo_pago, metodo_pago_veces_utilizado, porcentaje_utilizacion_metodo_pago, modelo_veces_alquilado, posicion_top_modelo_vehiculo_alquilado, porcentaje_vehiculos_disponibles, ingresos, egresos, duracion_promedio_alquiler, total_alquileres, porcentaje_vehiculos_utilizados) values (2023, 12, 16, 7, 1, 12, 1, 30.73, 55.38, 23.45, 60.63, 8, 2, 8, 10, 8, 93, 3353, 4340, 4, 9, 93);
insert into hechos_estadisticas_alquiler (id_year, id_month, id_day, id_hour, id_sucursal, id_vehiculo, id_metodo_pago, ganancia_neta, porc_ingresos, porc_egresos, porc_satisfaccion_cliente, posicion_top_metodo_pago, metodo_pago_veces_utilizado, porcentaje_utilizacion_metodo_pago, modelo_veces_alquilado, posicion_top_modelo_vehiculo_alquilado, porcentaje_vehiculos_disponibles, ingresos, egresos, duracion_promedio_alquiler, total_alquileres, porcentaje_vehiculos_utilizados) values (2023, 12, 16, 7, 1, 1, 2, 44.33, 53.18, 59.58, 27.17, 1, 3, 16, 15, 4, 71, 1320, 3484, 7, 22, 24);
insert into hechos_estadisticas_alquiler (id_year, id_month, id_day, id_hour, id_sucursal, id_vehiculo, id_metodo_pago, ganancia_neta, porc_ingresos, porc_egresos, porc_satisfaccion_cliente, posicion_top_metodo_pago, metodo_pago_veces_utilizado, porcentaje_utilizacion_metodo_pago, modelo_veces_alquilado, posicion_top_modelo_vehiculo_alquilado, porcentaje_vehiculos_disponibles, ingresos, egresos, duracion_promedio_alquiler, total_alquileres, porcentaje_vehiculos_utilizados) values (2023, 12, 16, 7, 1, 11, 6, 28.12, 28.75, 36.01, 68.7, 2, 5, 32, 12, 8, 55, 296, 4805, 9, 2, 73);
insert into hechos_estadisticas_alquiler (id_year, id_month, id_day, id_hour, id_sucursal, id_vehiculo, id_metodo_pago, ganancia_neta, porc_ingresos, porc_egresos, porc_satisfaccion_cliente, posicion_top_metodo_pago, metodo_pago_veces_utilizado, porcentaje_utilizacion_metodo_pago, modelo_veces_alquilado, posicion_top_modelo_vehiculo_alquilado, porcentaje_vehiculos_disponibles, ingresos, egresos, duracion_promedio_alquiler, total_alquileres, porcentaje_vehiculos_utilizados) values (2023, 12, 16, 7, 1, 7, 1, 44.1, 14.05, 69.61, 76.38, 5, 8, 62, 2, 7, 45, 3552, 4671, 6, 8, 34);
insert into hechos_estadisticas_alquiler (id_year, id_month, id_day, id_hour, id_sucursal, id_vehiculo, id_metodo_pago, ganancia_neta, porc_ingresos, porc_egresos, porc_satisfaccion_cliente, posicion_top_metodo_pago, metodo_pago_veces_utilizado, porcentaje_utilizacion_metodo_pago, modelo_veces_alquilado, posicion_top_modelo_vehiculo_alquilado, porcentaje_vehiculos_disponibles, ingresos, egresos, duracion_promedio_alquiler, total_alquileres, porcentaje_vehiculos_utilizados) values (2023, 12, 16, 7, 1, 5, 6, 41.62, 42.44, 45.83, 3.5, 5, 3, 9, 11, 3, 62, 1998, 3355, 9, 19, 33);
insert into hechos_estadisticas_alquiler (id_year, id_month, id_day, id_hour, id_sucursal, id_vehiculo, id_metodo_pago, ganancia_neta, porc_ingresos, porc_egresos, porc_satisfaccion_cliente, posicion_top_metodo_pago, metodo_pago_veces_utilizado, porcentaje_utilizacion_metodo_pago, modelo_veces_alquilado, posicion_top_modelo_vehiculo_alquilado, porcentaje_vehiculos_disponibles, ingresos, egresos, duracion_promedio_alquiler, total_alquileres, porcentaje_vehiculos_utilizados) values (2023, 12, 16, 7, 1, 17, 7, 5.21, 99.25, 51.39, 61.99, 3, 1, 40, 11, 7, 55, 2510, 4524, 15, 23, 41);
insert into hechos_estadisticas_alquiler (id_year, id_month, id_day, id_hour, id_sucursal, id_vehiculo, id_metodo_pago, ganancia_neta, porc_ingresos, porc_egresos, porc_satisfaccion_cliente, posicion_top_metodo_pago, metodo_pago_veces_utilizado, porcentaje_utilizacion_metodo_pago, modelo_veces_alquilado, posicion_top_modelo_vehiculo_alquilado, porcentaje_vehiculos_disponibles, ingresos, egresos, duracion_promedio_alquiler, total_alquileres, porcentaje_vehiculos_utilizados) values (2023, 12, 16, 7, 1, 1, 4, 48.38, 23.99, 33.97, 22.75, 10, 9, 57, 11, 5, 81, 2189, 2031, 10, 9, 62);
insert into hechos_estadisticas_alquiler (id_year, id_month, id_day, id_hour, id_sucursal, id_vehiculo, id_metodo_pago, ganancia_neta, porc_ingresos, porc_egresos, porc_satisfaccion_cliente, posicion_top_metodo_pago, metodo_pago_veces_utilizado, porcentaje_utilizacion_metodo_pago, modelo_veces_alquilado, posicion_top_modelo_vehiculo_alquilado, porcentaje_vehiculos_disponibles, ingresos, egresos, duracion_promedio_alquiler, total_alquileres, porcentaje_vehiculos_utilizados) values (2023, 12, 16, 7, 1, 9, 6, 40.25, 74.1, 67.15, 18.65, 8, 2, 17, 15, 6, 77, 3736, 262, 13, 22, 1);
insert into hechos_estadisticas_alquiler (id_year, id_month, id_day, id_hour, id_sucursal, id_vehiculo, id_metodo_pago, ganancia_neta, porc_ingresos, porc_egresos, porc_satisfaccion_cliente, posicion_top_metodo_pago, metodo_pago_veces_utilizado, porcentaje_utilizacion_metodo_pago, modelo_veces_alquilado, posicion_top_modelo_vehiculo_alquilado, porcentaje_vehiculos_disponibles, ingresos, egresos, duracion_promedio_alquiler, total_alquileres, porcentaje_vehiculos_utilizados) values (2023, 12, 16, 7, 1, 20, 3, 96.41, 93.61, 34.33, 51.55, 1, 2, 13, 6, 7, 70, 2462, 755, 2, 23, 52);
insert into hechos_estadisticas_alquiler (id_year, id_month, id_day, id_hour, id_sucursal, id_vehiculo, id_metodo_pago, ganancia_neta, porc_ingresos, porc_egresos, porc_satisfaccion_cliente, posicion_top_metodo_pago, metodo_pago_veces_utilizado, porcentaje_utilizacion_metodo_pago, modelo_veces_alquilado, posicion_top_modelo_vehiculo_alquilado, porcentaje_vehiculos_disponibles, ingresos, egresos, duracion_promedio_alquiler, total_alquileres, porcentaje_vehiculos_utilizados) values (2023, 12, 16, 7, 1, 12, 2, 96.02, 87.89, 67.21, 50.53, 10, 8, 73, 1, 2, 5, 4767, 3261, 6, 6, 4);
insert into hechos_estadisticas_alquiler (id_year, id_month, id_day, id_hour, id_sucursal, id_vehiculo, id_metodo_pago, ganancia_neta, porc_ingresos, porc_egresos, porc_satisfaccion_cliente, posicion_top_metodo_pago, metodo_pago_veces_utilizado, porcentaje_utilizacion_metodo_pago, modelo_veces_alquilado, posicion_top_modelo_vehiculo_alquilado, porcentaje_vehiculos_disponibles, ingresos, egresos, duracion_promedio_alquiler, total_alquileres, porcentaje_vehiculos_utilizados) values (2023, 12, 16, 7, 1, 13, 2, 91.86, 84.18, 45.98, 61.24, 7, 2, 74, 12, 10, 50, 1784, 2123, 15, 9, 6);
insert into hechos_estadisticas_alquiler (id_year, id_month, id_day, id_hour, id_sucursal, id_vehiculo, id_metodo_pago, ganancia_neta, porc_ingresos, porc_egresos, porc_satisfaccion_cliente, posicion_top_metodo_pago, metodo_pago_veces_utilizado, porcentaje_utilizacion_metodo_pago, modelo_veces_alquilado, posicion_top_modelo_vehiculo_alquilado, porcentaje_vehiculos_disponibles, ingresos, egresos, duracion_promedio_alquiler, total_alquileres, porcentaje_vehiculos_utilizados) values (2023, 12, 16, 7, 1, 10, 2, 12.7, 49.9, 63.44, 19.37, 5, 9, 3, 2, 6, 32, 133, 2643, 11, 14, 31);
insert into hechos_estadisticas_alquiler (id_year, id_month, id_day, id_hour, id_sucursal, id_vehiculo, id_metodo_pago, ganancia_neta, porc_ingresos, porc_egresos, porc_satisfaccion_cliente, posicion_top_metodo_pago, metodo_pago_veces_utilizado, porcentaje_utilizacion_metodo_pago, modelo_veces_alquilado, posicion_top_modelo_vehiculo_alquilado, porcentaje_vehiculos_disponibles, ingresos, egresos, duracion_promedio_alquiler, total_alquileres, porcentaje_vehiculos_utilizados) values (2023, 12, 16, 7, 1, 4, 2, 48.88, 31.45, 76.39, 29.93, 1, 6, 22, 8, 10, 100, 3956, 4807, 11, 4, 97);
insert into hechos_estadisticas_alquiler (id_year, id_month, id_day, id_hour, id_sucursal, id_vehiculo, id_metodo_pago, ganancia_neta, porc_ingresos, porc_egresos, porc_satisfaccion_cliente, posicion_top_metodo_pago, metodo_pago_veces_utilizado, porcentaje_utilizacion_metodo_pago, modelo_veces_alquilado, posicion_top_modelo_vehiculo_alquilado, porcentaje_vehiculos_disponibles, ingresos, egresos, duracion_promedio_alquiler, total_alquileres, porcentaje_vehiculos_utilizados) values (2023, 12, 16, 7, 1, 7, 7, 82.66, 68.86, 61.26, 92.91, 4, 3, 13, 1, 1, 51, 29, 1124, 8, 22, 32);
insert into hechos_estadisticas_alquiler (id_year, id_month, id_day, id_hour, id_sucursal, id_vehiculo, id_metodo_pago, ganancia_neta, porc_ingresos, porc_egresos, porc_satisfaccion_cliente, posicion_top_metodo_pago, metodo_pago_veces_utilizado, porcentaje_utilizacion_metodo_pago, modelo_veces_alquilado, posicion_top_modelo_vehiculo_alquilado, porcentaje_vehiculos_disponibles, ingresos, egresos, duracion_promedio_alquiler, total_alquileres, porcentaje_vehiculos_utilizados) values (2023, 12, 16, 7, 1, 2, 3, 29.52, 95.32, 26.7, 32.72, 9, 8, 28, 2, 10, 83, 3668, 2448, 12, 10, 32);
insert into hechos_estadisticas_alquiler (id_year, id_month, id_day, id_hour, id_sucursal, id_vehiculo, id_metodo_pago, ganancia_neta, porc_ingresos, porc_egresos, porc_satisfaccion_cliente, posicion_top_metodo_pago, metodo_pago_veces_utilizado, porcentaje_utilizacion_metodo_pago, modelo_veces_alquilado, posicion_top_modelo_vehiculo_alquilado, porcentaje_vehiculos_disponibles, ingresos, egresos, duracion_promedio_alquiler, total_alquileres, porcentaje_vehiculos_utilizados) values (2023, 12, 16, 7, 1, 13, 4, 45.68, 95.24, 48.52, 19.99, 1, 8, 7, 6, 6, 43, 1971, 180, 8, 4, 18);
insert into hechos_estadisticas_alquiler (id_year, id_month, id_day, id_hour, id_sucursal, id_vehiculo, id_metodo_pago, ganancia_neta, porc_ingresos, porc_egresos, porc_satisfaccion_cliente, posicion_top_metodo_pago, metodo_pago_veces_utilizado, porcentaje_utilizacion_metodo_pago, modelo_veces_alquilado, posicion_top_modelo_vehiculo_alquilado, porcentaje_vehiculos_disponibles, ingresos, egresos, duracion_promedio_alquiler, total_alquileres, porcentaje_vehiculos_utilizados) values (2023, 12, 16, 7, 1, 19, 3, 59.26, 63.56, 27.1, 90.46, 1, 6, 10, 6, 6, 44, 780, 4626, 8, 1, 74);
insert into hechos_estadisticas_alquiler (id_year, id_month, id_day, id_hour, id_sucursal, id_vehiculo, id_metodo_pago, ganancia_neta, porc_ingresos, porc_egresos, porc_satisfaccion_cliente, posicion_top_metodo_pago, metodo_pago_veces_utilizado, porcentaje_utilizacion_metodo_pago, modelo_veces_alquilado, posicion_top_modelo_vehiculo_alquilado, porcentaje_vehiculos_disponibles, ingresos, egresos, duracion_promedio_alquiler, total_alquileres, porcentaje_vehiculos_utilizados) values (2023, 12, 16, 7, 1, 2, 1, 11.92, 16.21, 68.18, 66.54, 1, 8, 96, 14, 8, 28, 1709, 3311, 2, 4, 23);
insert into hechos_estadisticas_alquiler (id_year, id_month, id_day, id_hour, id_sucursal, id_vehiculo, id_metodo_pago, ganancia_neta, porc_ingresos, porc_egresos, porc_satisfaccion_cliente, posicion_top_metodo_pago, metodo_pago_veces_utilizado, porcentaje_utilizacion_metodo_pago, modelo_veces_alquilado, posicion_top_modelo_vehiculo_alquilado, porcentaje_vehiculos_disponibles, ingresos, egresos, duracion_promedio_alquiler, total_alquileres, porcentaje_vehiculos_utilizados) values (2023, 12, 16, 7, 1, 15, 7, 33.63, 33.3, 24.3, 82.99, 3, 6, 44, 15, 4, 69, 2125, 2191, 14, 6, 6);
insert into hechos_estadisticas_alquiler (id_year, id_month, id_day, id_hour, id_sucursal, id_vehiculo, id_metodo_pago, ganancia_neta, porc_ingresos, porc_egresos, porc_satisfaccion_cliente, posicion_top_metodo_pago, metodo_pago_veces_utilizado, porcentaje_utilizacion_metodo_pago, modelo_veces_alquilado, posicion_top_modelo_vehiculo_alquilado, porcentaje_vehiculos_disponibles, ingresos, egresos, duracion_promedio_alquiler, total_alquileres, porcentaje_vehiculos_utilizados) values (2023, 12, 16, 7, 1, 17, 5, 89.67, 98.0, 96.46, 75.0, 4, 10, 54, 7, 1, 1, 3089, 2710, 1, 5, 71);
insert into hechos_estadisticas_alquiler (id_year, id_month, id_day, id_hour, id_sucursal, id_vehiculo, id_metodo_pago, ganancia_neta, porc_ingresos, porc_egresos, porc_satisfaccion_cliente, posicion_top_metodo_pago, metodo_pago_veces_utilizado, porcentaje_utilizacion_metodo_pago, modelo_veces_alquilado, posicion_top_modelo_vehiculo_alquilado, porcentaje_vehiculos_disponibles, ingresos, egresos, duracion_promedio_alquiler, total_alquileres, porcentaje_vehiculos_utilizados) values (2023, 12, 16, 7, 1, 5, 3, 71.1, 51.9, 47.0, 70.79, 4, 5, 23, 1, 4, 99, 2638, 4437, 9, 20, 15);
insert into hechos_estadisticas_alquiler (id_year, id_month, id_day, id_hour, id_sucursal, id_vehiculo, id_metodo_pago, ganancia_neta, porc_ingresos, porc_egresos, porc_satisfaccion_cliente, posicion_top_metodo_pago, metodo_pago_veces_utilizado, porcentaje_utilizacion_metodo_pago, modelo_veces_alquilado, posicion_top_modelo_vehiculo_alquilado, porcentaje_vehiculos_disponibles, ingresos, egresos, duracion_promedio_alquiler, total_alquileres, porcentaje_vehiculos_utilizados) values (2023, 12, 16, 7, 1, 11, 7, 90.55, 3.44, 94.67, 1.78, 1, 6, 86, 10, 9, 26, 4390, 1365, 6, 13, 11);
insert into hechos_estadisticas_alquiler (id_year, id_month, id_day, id_hour, id_sucursal, id_vehiculo, id_metodo_pago, ganancia_neta, porc_ingresos, porc_egresos, porc_satisfaccion_cliente, posicion_top_metodo_pago, metodo_pago_veces_utilizado, porcentaje_utilizacion_metodo_pago, modelo_veces_alquilado, posicion_top_modelo_vehiculo_alquilado, porcentaje_vehiculos_disponibles, ingresos, egresos, duracion_promedio_alquiler, total_alquileres, porcentaje_vehiculos_utilizados) values (2023, 12, 16, 7, 1, 1, 7, 59.65, 42.86, 88.13, 45.35, 1, 4, 28, 3, 10, 99, 3492, 2221, 9, 1, 30);
insert into hechos_estadisticas_alquiler (id_year, id_month, id_day, id_hour, id_sucursal, id_vehiculo, id_metodo_pago, ganancia_neta, porc_ingresos, porc_egresos, porc_satisfaccion_cliente, posicion_top_metodo_pago, metodo_pago_veces_utilizado, porcentaje_utilizacion_metodo_pago, modelo_veces_alquilado, posicion_top_modelo_vehiculo_alquilado, porcentaje_vehiculos_disponibles, ingresos, egresos, duracion_promedio_alquiler, total_alquileres, porcentaje_vehiculos_utilizados) values (2023, 12, 16, 7, 1, 4, 4, 34.03, 57.35, 51.19, 61.83, 1, 9, 5, 13, 10, 89, 2391, 4943, 12, 24, 34);
insert into hechos_estadisticas_alquiler (id_year, id_month, id_day, id_hour, id_sucursal, id_vehiculo, id_metodo_pago, ganancia_neta, porc_ingresos, porc_egresos, porc_satisfaccion_cliente, posicion_top_metodo_pago, metodo_pago_veces_utilizado, porcentaje_utilizacion_metodo_pago, modelo_veces_alquilado, posicion_top_modelo_vehiculo_alquilado, porcentaje_vehiculos_disponibles, ingresos, egresos, duracion_promedio_alquiler, total_alquileres, porcentaje_vehiculos_utilizados) values (2023, 12, 16, 7, 1, 19, 3, 15.5, 43.3, 75.9, 62.43, 8, 6, 7, 7, 8, 35, 3841, 121, 14, 25, 8);
insert into hechos_estadisticas_alquiler (id_year, id_month, id_day, id_hour, id_sucursal, id_vehiculo, id_metodo_pago, ganancia_neta, porc_ingresos, porc_egresos, porc_satisfaccion_cliente, posicion_top_metodo_pago, metodo_pago_veces_utilizado, porcentaje_utilizacion_metodo_pago, modelo_veces_alquilado, posicion_top_modelo_vehiculo_alquilado, porcentaje_vehiculos_disponibles, ingresos, egresos, duracion_promedio_alquiler, total_alquileres, porcentaje_vehiculos_utilizados) values (2023, 12, 16, 7, 1, 18, 6, 33.15, 83.08, 46.74, 83.97, 3, 2, 81, 4, 6, 50, 4480, 3495, 5, 20, 93);
insert into hechos_estadisticas_alquiler (id_year, id_month, id_day, id_hour, id_sucursal, id_vehiculo, id_metodo_pago, ganancia_neta, porc_ingresos, porc_egresos, porc_satisfaccion_cliente, posicion_top_metodo_pago, metodo_pago_veces_utilizado, porcentaje_utilizacion_metodo_pago, modelo_veces_alquilado, posicion_top_modelo_vehiculo_alquilado, porcentaje_vehiculos_disponibles, ingresos, egresos, duracion_promedio_alquiler, total_alquileres, porcentaje_vehiculos_utilizados) values (2023, 12, 16, 7, 1, 18, 1, 19.68, 75.85, 91.12, 19.14, 1, 1, 57, 2, 3, 32, 3643, 4804, 12, 16, 89);
insert into hechos_estadisticas_alquiler (id_year, id_month, id_day, id_hour, id_sucursal, id_vehiculo, id_metodo_pago, ganancia_neta, porc_ingresos, porc_egresos, porc_satisfaccion_cliente, posicion_top_metodo_pago, metodo_pago_veces_utilizado, porcentaje_utilizacion_metodo_pago, modelo_veces_alquilado, posicion_top_modelo_vehiculo_alquilado, porcentaje_vehiculos_disponibles, ingresos, egresos, duracion_promedio_alquiler, total_alquileres, porcentaje_vehiculos_utilizados) values (2023, 12, 16, 7, 1, 1, 3, 16.86, 69.28, 25.92, 47.27, 2, 10, 62, 13, 3, 46, 4033, 164, 2, 11, 97);
insert into hechos_estadisticas_alquiler (id_year, id_month, id_day, id_hour, id_sucursal, id_vehiculo, id_metodo_pago, ganancia_neta, porc_ingresos, porc_egresos, porc_satisfaccion_cliente, posicion_top_metodo_pago, metodo_pago_veces_utilizado, porcentaje_utilizacion_metodo_pago, modelo_veces_alquilado, posicion_top_modelo_vehiculo_alquilado, porcentaje_vehiculos_disponibles, ingresos, egresos, duracion_promedio_alquiler, total_alquileres, porcentaje_vehiculos_utilizados) values (2023, 12, 16, 7, 1, 5, 5, 78.39, 61.37, 23.84, 5.35, 2, 10, 4, 12, 2, 42, 2263, 2656, 4, 6, 95);
insert into hechos_estadisticas_alquiler (id_year, id_month, id_day, id_hour, id_sucursal, id_vehiculo, id_metodo_pago, ganancia_neta, porc_ingresos, porc_egresos, porc_satisfaccion_cliente, posicion_top_metodo_pago, metodo_pago_veces_utilizado, porcentaje_utilizacion_metodo_pago, modelo_veces_alquilado, posicion_top_modelo_vehiculo_alquilado, porcentaje_vehiculos_disponibles, ingresos, egresos, duracion_promedio_alquiler, total_alquileres, porcentaje_vehiculos_utilizados) values (2023, 12, 16, 7, 1, 18, 1, 79.76, 50.66, 3.5, 69.7, 9, 5, 87, 5, 3, 87, 2818, 4578, 13, 15, 48);
insert into hechos_estadisticas_alquiler (id_year, id_month, id_day, id_hour, id_sucursal, id_vehiculo, id_metodo_pago, ganancia_neta, porc_ingresos, porc_egresos, porc_satisfaccion_cliente, posicion_top_metodo_pago, metodo_pago_veces_utilizado, porcentaje_utilizacion_metodo_pago, modelo_veces_alquilado, posicion_top_modelo_vehiculo_alquilado, porcentaje_vehiculos_disponibles, ingresos, egresos, duracion_promedio_alquiler, total_alquileres, porcentaje_vehiculos_utilizados) values (2023, 12, 16, 7, 1, 6, 6, 32.27, 57.9, 83.37, 7.06, 9, 3, 42, 3, 7, 15, 2599, 499, 3, 6, 23);
insert into hechos_estadisticas_alquiler (id_year, id_month, id_day, id_hour, id_sucursal, id_vehiculo, id_metodo_pago, ganancia_neta, porc_ingresos, porc_egresos, porc_satisfaccion_cliente, posicion_top_metodo_pago, metodo_pago_veces_utilizado, porcentaje_utilizacion_metodo_pago, modelo_veces_alquilado, posicion_top_modelo_vehiculo_alquilado, porcentaje_vehiculos_disponibles, ingresos, egresos, duracion_promedio_alquiler, total_alquileres, porcentaje_vehiculos_utilizados) values (2023, 12, 16, 7, 1, 15, 5, 51.32, 86.37, 16.08, 33.19, 5, 9, 12, 7, 7, 91, 3121, 388, 5, 22, 13);
insert into hechos_estadisticas_alquiler (id_year, id_month, id_day, id_hour, id_sucursal, id_vehiculo, id_metodo_pago, ganancia_neta, porc_ingresos, porc_egresos, porc_satisfaccion_cliente, posicion_top_metodo_pago, metodo_pago_veces_utilizado, porcentaje_utilizacion_metodo_pago, modelo_veces_alquilado, posicion_top_modelo_vehiculo_alquilado, porcentaje_vehiculos_disponibles, ingresos, egresos, duracion_promedio_alquiler, total_alquileres, porcentaje_vehiculos_utilizados) values (2023, 12, 16, 7, 1, 11, 5, 14.17, 40.61, 63.91, 32.28, 8, 2, 73, 6, 7, 65, 3993, 4731, 3, 19, 93);
insert into hechos_estadisticas_alquiler (id_year, id_month, id_day, id_hour, id_sucursal, id_vehiculo, id_metodo_pago, ganancia_neta, porc_ingresos, porc_egresos, porc_satisfaccion_cliente, posicion_top_metodo_pago, metodo_pago_veces_utilizado, porcentaje_utilizacion_metodo_pago, modelo_veces_alquilado, posicion_top_modelo_vehiculo_alquilado, porcentaje_vehiculos_disponibles, ingresos, egresos, duracion_promedio_alquiler, total_alquileres, porcentaje_vehiculos_utilizados) values (2023, 12, 16, 7, 1, 19, 7, 7.67, 62.01, 1.73, 30.84, 5, 4, 18, 5, 10, 57, 13, 2888, 7, 20, 10);
